ID,story,text
1,window_blue_curtain,"When the winter finally broke, Jonas still kept the blue curtain drawn over the single front window of his small apartment."
2,window_blue_curtain,"It had been there since Mara left—just four months, though the days felt stretched and brittle, like thin ice over deep water."
3,window_blue_curtain,Every morning he woke to the pale navy light bleeding through the fabric.
4,window_blue_curtain,Every morning he told himself he would take it down.
5,window_blue_curtain,"And every morning, he couldn’t."
6,window_blue_curtain,The apartment felt silent in a way that suggested sound had once lived there.
7,window_blue_curtain,"Two mismatched mugs on the counter, one with a small chip."
8,window_blue_curtain,"A pair of slippers, soft and worn, still sitting neatly by the door."
9,window_blue_curtain,"Jonas moved through the space with the heavy, automatic motions of someone navigating a museum of their own grief."
10,window_blue_curtain,"He worked from home now—less by choice, more because he couldn’t stand taking the metro and seeing other people living their regular, busy lives."
11,window_blue_curtain,"His job in data analysis asked very little of him emotionally, which was perfect; he felt he had little left to give."
12,window_blue_curtain,"On a Thursday morning in early March, a knock interrupted his routine."
13,window_blue_curtain,Three short taps.
14,window_blue_curtain,Jonas rarely received visitors.
15,window_blue_curtain,For a moment he froze—the kind that comes before remembering you’re still in a world where doors open.
16,window_blue_curtain,"When he answered, an elderly woman stood in the hallway, leaning on a cane shaped like a curlicue of dark wood."
17,window_blue_curtain,"She wore a wool coat too warm for the weather and a wool hat too large for her head, giving her a slightly magical appearance, as though she might disappear if he blinked too slowly. “Are you Jonas Miller?” she asked. “Yes.” “I’m Mrs."
18,window_blue_curtain,Weller.
19,window_blue_curtain,I live downstairs.
20,window_blue_curtain,There’s… an issue with the birds.” Jonas blinked. “The birds?” “They’re building a nest in your air-conditioning unit.
21,window_blue_curtain,They’ve been dropping twigs on my balcony.
22,window_blue_curtain,"I thought you should know.” It wasn’t the kind of emergency most people would panic about, but the woman’s expression was earnest."
23,window_blue_curtain,"Jonas nodded, grabbed a jacket, and followed her downstairs."
24,window_blue_curtain,"Outside her window, small brown sparrows darted in and out of the slats of his A/C unit, each carrying a bit of fluff or twig."
25,window_blue_curtain,Mrs.
26,window_blue_curtain,"Weller frowned as though she personally disapproved of their architectural choices. “They’re sweet little things, but I’m afraid something will catch fire come summer,” she said. “I’ll clear it out,” Jonas said softly."
27,window_blue_curtain,She watched him for a long moment. “You’ve been quiet these months.
28,window_blue_curtain,I worried about you.” Jonas tensed. “Just been busy.” Mrs.
29,window_blue_curtain,"Weller nodded, but he could tell she knew better. “People are like these birds,” she said. “We make our messes where we can."
30,window_blue_curtain,"But sometimes someone needs to clear away the twigs.” It was a strange metaphor, yet something in it cracked the shell Jonas had been wearing like a second skin."
31,window_blue_curtain,He spent the next hour gently removing the small nest.
32,window_blue_curtain,"The sparrows chirped from a nearby branch, annoyed and curious."
33,window_blue_curtain,"One hopped closer, bold and unafraid."
34,window_blue_curtain,"Jonas felt a tiny bubble in his chest—something like warmth but unfamiliar, fragile."
35,window_blue_curtain,Mrs.
36,window_blue_curtain,"Weller brought him tea afterward, insisting he sit with her on her balcony."
37,window_blue_curtain,"She told him stories about the neighborhood: the building super who loved classical music, the teenager across the hall who practiced violin at inconvenient hours, the couple upstairs expecting their first child."
38,window_blue_curtain,Jonas hadn’t known any of this.
39,window_blue_curtain,He hadn’t wanted to.
40,window_blue_curtain,"After he left, the blue curtain in his apartment felt heavier than usual."
41,window_blue_curtain,"That evening he stood in front of it, fingers wrapped around the edge of the fabric."
42,window_blue_curtain,The streetlights outside glowed faintly through the weave.
43,window_blue_curtain,"It was the glow of a world continuing, indifferent to his grief but not hostile to his return."
44,window_blue_curtain,He pulled the curtain aside.
45,window_blue_curtain,The world outside wasn’t extraordinary.
46,window_blue_curtain,A dog walker passing by.
47,window_blue_curtain,A delivery cyclist stopped at a red light.
48,window_blue_curtain,Tree branches still bare from winter.
49,window_blue_curtain,But it was moving.
50,window_blue_curtain,"And as Jonas stood there, that fragile warmth in his chest stretched, tentatively unfurling like a leaf testing sunlight."
51,window_blue_curtain,The next morning he opened the window entirely.
52,window_blue_curtain,"Fresh air rushed in, cool and alive."
53,window_blue_curtain,"He heard the sparrows singing, undeterred by yesterday’s inconvenience."
54,window_blue_curtain,"He found himself smiling—small at first, then fuller when one bird hopped onto the fire escape railing and cocked its head at him, as if in greeting."
55,window_blue_curtain,He made coffee and sat by the light.
56,window_blue_curtain,He answered emails with more energy than he’d felt in months.
57,window_blue_curtain,He even ventured outside later in the afternoon to buy groceries.
58,window_blue_curtain,"The sky was clear, impossibly blue."
59,window_blue_curtain,Spring softened the city over the next weeks.
60,window_blue_curtain,"Trees blossomed, and with them, Jonas felt something inside thaw."
61,window_blue_curtain,"He started noticing small things: a toddler laughing at soap bubbles, a mural he’d never taken the time to appreciate, the barista at the corner café who always drew a tiny heart in milk foam."
62,window_blue_curtain,He found himself wanting to see Mrs.
63,window_blue_curtain,"Weller again, to thank her for nudging him out of the darkness without even meaning to."
64,window_blue_curtain,"One day, he brought her a small potted plant."
65,window_blue_curtain,"She answered the door with delighted surprise, and they talked on her balcony for hours."
66,window_blue_curtain,"By May, Jonas began taking long walks in the park."
67,window_blue_curtain,He sat under budding trees and read books he had abandoned months before.
68,window_blue_curtain,He started painting again—something he hadn’t done seriously since college.
69,window_blue_curtain,"The colors felt too bright at first, almost foreign, but soon, he craved them."
70,window_blue_curtain,"The city became alive with festivals, music, food stalls."
71,window_blue_curtain,One Saturday evening he followed the distant sound of jazz to a riverside gathering.
72,window_blue_curtain,Lanterns flickered along the walkway.
73,window_blue_curtain,People danced with unrestrained joy.
74,window_blue_curtain,"Jonas stood at the edge of the crowd, the golden light washing over him."
75,window_blue_curtain,Someone bumped his shoulder gently.
76,window_blue_curtain,"A woman with dark curls smiled apologetically. “Sorry,” she said. “Didn't see you there.” “It’s fine,” Jonas said, smiling in a way that felt both new and ancient."
77,window_blue_curtain,"She nodded toward the music. “You’re welcome to join us.” And for the first time in a long time—maybe longer than he cared to admit—Jonas nodded, stepped forward, and let the music pull him into the center of a world that had been waiting for him all along."
78,window_blue_curtain,"The night was warm, the river shimmering in the glow of lanterns."
79,window_blue_curtain,"Jonas laughed, danced, breathed."
80,window_blue_curtain,"And when he looked up and saw the sparrows swooping overhead, he thought: Maybe joy isn’t something you chase."
81,window_blue_curtain,Maybe it’s something you let land.
